round_id,accuracy,round_wallclock_sec,cumulative_sec
1,0.6115,7.338,8.393
2,0.7259,7.261,16.747
3,0.7577,7.41,25.318
4,0.7819,7.296,33.723
5,0.7909,7.393,42.208
6,0.8055,7.338,50.672
7,0.802,7.294,59.053
8,0.7955,7.334,67.487
9,0.8019,7.219,75.713
10,0.8075,6.41,83.116
11,0.8099,6.411,90.528
12,0.8101,6.411,97.954
13,0.809,6.526,105.638
14,0.8099,7.459,114.182
15,0.8108,7.359,122.652
16,0.8113,7.351,131.093
17,0.8176,7.293,139.58
18,0.8139,7.515,148.287
19,0.8144,7.331,156.842
20,0.8097,7.467,165.455
21,0.8122,7.422,174.08
22,0.8159,7.43,182.647
23,0.8084,7.399,191.245
24,0.8162,6.814,199.104
25,0.8131,6.539,206.67
26,0.8134,6.521,214.216
27,0.8158,6.509,221.757
28,0.8108,6.872,229.756
29,0.8115,7.186,238.089
30,0.8165,6.977,246.153
