round_id,num_clients_received,round_status,accuracy,test_loss,acc_class_0,acc_class_1,acc_class_2,acc_class_3,acc_class_4,acc_class_5,acc_class_6,acc_class_7,acc_class_8,acc_class_9,aggregation_time_ms,eval_time_ms,round_wallclock_sec,model_bytes,client_0_train_loss,client_0_num_samples,client_0_download_ms,client_0_train_ms,client_1_train_loss,client_1_num_samples,client_1_download_ms,client_1_train_ms
1,2,ok,0.6303,1.231552,0.671,0.604,0.497,0.593,0.512,0.437,0.777,0.573,0.829,0.81,6.85,3037.0,10.96,2492491,1.149768,25000,37.97,7852.13,1.118277,25000,20.43,7406.08
2,2,ok,0.7185,0.80762,0.645,0.863,0.568,0.549,0.602,0.667,0.853,0.72,0.921,0.797,5.61,2922.52,13.8,2492491,0.863873,25000,28.6,10079.9,0.851988,25000,18.87,7656.92
3,2,ok,0.7652,0.678629,0.771,0.913,0.651,0.574,0.774,0.601,0.877,0.815,0.886,0.79,3.71,2902.56,14.76,2492491,0.682345,25000,45.59,10705.58,0.670211,25000,20.26,7823.18
4,2,ok,0.7728,0.657488,0.77,0.852,0.596,0.66,0.763,0.548,0.917,0.811,0.946,0.865,3.06,3002.44,15.37,2492491,0.564303,25000,23.44,11146.23,0.551842,25000,21.8,7738.5
5,2,ok,0.791,0.607972,0.766,0.864,0.626,0.642,0.803,0.731,0.878,0.845,0.842,0.913,2.13,2895.9,14.41,2492491,0.475258,25000,38.95,10441.35,0.46977,25000,21.98,7693.28
6,2,ok,0.8021,0.581245,0.809,0.872,0.717,0.581,0.844,0.716,0.873,0.836,0.883,0.89,2.31,2921.92,15.18,2492491,0.403749,25000,17.93,11101.36,0.397851,25000,18.76,7627.93
7,2,ok,0.8097,0.580736,0.844,0.907,0.742,0.723,0.782,0.643,0.844,0.844,0.929,0.839,3.12,2950.22,14.82,2492491,0.334356,25000,15.33,10742.94,0.340255,25000,18.83,7807.03
8,2,ok,0.811,0.605946,0.851,0.896,0.772,0.632,0.764,0.69,0.883,0.838,0.933,0.851,5.14,2895.08,14.92,2492491,0.288518,25000,13.34,10922.33,0.293404,25000,17.33,7738.56
9,2,ok,0.8098,0.627695,0.871,0.901,0.781,0.695,0.791,0.652,0.883,0.831,0.89,0.803,4.75,2930.68,14.26,2492491,0.254851,25000,30.81,10162.58,0.244075,25000,17.47,7744.36
10,2,ok,0.8096,0.62418,0.848,0.905,0.768,0.625,0.789,0.769,0.849,0.793,0.891,0.859,3.21,2866.29,13.92,2492491,0.224207,25000,13.01,9948.59,0.224376,25000,17.11,8438.12
11,2,ok,0.8143,0.64111,0.82,0.928,0.741,0.715,0.818,0.694,0.849,0.848,0.856,0.874,2.59,2888.57,14.73,2492491,0.196589,25000,14.18,10652.38,0.192822,25000,17.43,8344.9
12,2,ok,0.8124,0.654,0.824,0.867,0.736,0.681,0.777,0.694,0.852,0.863,0.939,0.891,2.82,2917.33,14.69,2492491,0.175934,25000,17.26,10603.9,0.178032,25000,19.1,8239.49
13,2,ok,0.8119,0.694239,0.866,0.906,0.682,0.692,0.805,0.675,0.862,0.86,0.872,0.899,4.33,2935.73,14.83,2492491,0.151974,25000,35.96,10728.24,0.144189,25000,19.28,8350.94
14,2,ok,0.8161,0.661944,0.835,0.914,0.761,0.663,0.778,0.716,0.851,0.866,0.904,0.873,3.56,2900.66,14.17,2492491,0.145285,25000,12.11,10172.64,0.140376,25000,18.9,8279.16
15,2,ok,0.8181,0.704383,0.855,0.882,0.73,0.603,0.817,0.774,0.875,0.844,0.894,0.907,2.78,2887.44,14.33,2492491,0.124326,25000,19.58,10299.18,0.126318,25000,18.75,8340.4
16,2,ok,0.8177,0.728244,0.831,0.911,0.759,0.731,0.804,0.757,0.787,0.828,0.889,0.88,4.75,2864.2,14.44,2492491,0.117055,25000,31.8,10394.71,0.11031,25000,21.61,7759.5
17,2,ok,0.8145,0.750461,0.854,0.927,0.675,0.577,0.814,0.806,0.867,0.852,0.9,0.873,4.51,2923.83,14.47,2492491,0.103148,25000,10.97,10336.86,0.10655,25000,18.98,7746.34
18,2,ok,0.8145,0.761026,0.844,0.959,0.764,0.667,0.749,0.727,0.862,0.846,0.895,0.832,5.08,2912.18,14.05,2492491,0.10492,25000,13.18,10006.55,0.099868,25000,18.75,7687.46
19,2,ok,0.8173,0.775757,0.842,0.909,0.714,0.6,0.812,0.749,0.857,0.888,0.91,0.892,4.36,2879.71,14.44,2492491,0.094239,25000,34.23,10421.62,0.098801,25000,18.53,7790.35
20,2,ok,0.8196,0.744801,0.869,0.905,0.709,0.669,0.81,0.76,0.844,0.854,0.878,0.898,3.49,2882.67,13.97,2492491,0.088701,25000,25.64,9897.6,0.095847,25000,19.19,7771.9
21,2,ok,0.8142,0.782571,0.853,0.889,0.727,0.677,0.768,0.726,0.873,0.861,0.895,0.873,3.75,2922.84,14.4,2492491,0.09063,25000,16.16,10265.7,0.08955,25000,17.49,7752.61
22,2,ok,0.817,0.791704,0.88,0.919,0.733,0.641,0.791,0.735,0.873,0.865,0.874,0.859,3.42,2941.31,14.48,2492491,0.070621,25000,11.65,10430.32,0.085542,25000,33.78,7711.45
23,2,ok,0.8192,0.804603,0.847,0.927,0.733,0.657,0.83,0.722,0.857,0.871,0.888,0.86,3.17,2972.97,14.54,2492491,0.070647,25000,12.08,10469.01,0.082338,25000,17.23,7748.24
24,2,ok,0.8161,0.817554,0.879,0.899,0.713,0.672,0.787,0.734,0.845,0.851,0.892,0.889,4.91,2874.64,14.7,2492491,0.073116,25000,16.68,10694.79,0.069466,25000,18.73,7779.49
25,2,ok,0.8149,0.858582,0.853,0.866,0.773,0.597,0.8,0.744,0.865,0.841,0.93,0.88,3.06,2972.47,14.42,2492491,0.066078,25000,38.46,10242.83,0.061229,25000,35.47,7703.59
26,2,ok,0.8175,0.857673,0.844,0.924,0.786,0.622,0.79,0.709,0.881,0.858,0.909,0.852,4.78,2876.01,14.18,2492491,0.065172,25000,12.46,10217.35,0.060734,25000,18.39,7781.23
27,2,ok,0.8169,0.84285,0.847,0.923,0.734,0.611,0.815,0.739,0.865,0.878,0.894,0.863,3.63,2904.26,14.37,2492491,0.062404,25000,13.52,10283.25,0.0676,25000,17.37,7662.73
28,2,ok,0.8211,0.840989,0.827,0.889,0.713,0.652,0.821,0.763,0.863,0.862,0.924,0.897,4.77,2858.52,14.84,2492491,0.060319,25000,40.42,10795.48,0.055553,25000,18.58,7760.0
29,2,ok,0.8175,0.861528,0.889,0.943,0.744,0.661,0.772,0.721,0.853,0.857,0.891,0.844,6.5,2906.97,14.64,2492491,0.056001,25000,11.92,10557.14,0.056546,25000,18.54,7759.9
30,2,ok,0.8173,0.853421,0.868,0.928,0.733,0.673,0.802,0.756,0.853,0.823,0.88,0.857,3.79,2920.95,13.9,2492491,0.064483,25000,29.08,9836.53,0.054942,25000,18.6,7745.09
